ParentalEducation,GPA
<HS,2.985157685637806
Bachelors+,3.002888994535235
HS,3.00751537220111
SomeCollege,2.9948301064465364
