Locale,GPA
City,2.9919574882897626
Rural,3.003779718643108
Suburban,3.0004296414037523
Town,3.0021766458481354
