SchoolType,GPA
Private,2.9922739662287294
Public,2.9998270330943675
