SES_Quartile,GPA
1,2.9955209839932064
2,2.9997210208915726
3,3.0067284262373297
4,2.9927118826681505
