ParentSupport,GPA
0,2.99737558115962
1,3.0003552065636585
