,GPA,TestScore_Math,TestScore_Science,TestScore_Reading,TotalScore,AttendanceRate,StudyHours
GPA,1.0,0.6807510153947031,0.6848068172240044,0.6814365152755055,0.7621746114050044,0.6963058436549624,0.3971641355353399
TestScore_Math,0.6807510153947031,1.0,0.7010556031608555,0.7018257174698052,0.8946083416181397,0.8151939147529766,0.4619034915889813
TestScore_Science,0.6848068172240044,0.7010556031608555,1.0,0.7036974090557202,0.8954622907352696,0.8168404997882206,0.4658983235739838
TestScore_Reading,0.6814365152755055,0.7018257174698052,0.7036974090557202,1.0,0.8956615137026945,0.813000368557952,0.46956225185106587
TotalScore,0.7621746114050044,0.8946083416181397,0.8954622907352696,0.8956615137026945,1.0,0.9103795422792956,0.5202924904265966
AttendanceRate,0.6963058436549624,0.8151939147529766,0.8168404997882206,0.813000368557952,0.9103795422792956,1.0,0.47407086776401025
StudyHours,0.3971641355353399,0.4619034915889813,0.4658983235739838,0.46956225185106587,0.5202924904265966,0.47407086776401025,1.0
