,TestScore_Math,TestScore_Reading,TestScore_Science,GPA,AttendanceRate,StudyHours,TotalScore
count,12002.0,12002.0,12002.0,12002.0,12002.0,12002.0,12002.0
mean,74.98141784787921,74.97672219694101,75.03126206471454,2.9986369939806425,0.8995260525450202,0.9957005836933429,224.98940210953475
std,9.956741273943791,9.962916128439513,9.970802557406179,0.45710185299684697,0.04838096606080373,0.3517141529183048,26.759262038018957
min,38.85046169243254,34.58009557421593,36.92072271015317,1.2303153319091709,0.7149700733605511,0.0,130.82272324698084
25%,68.29719353851567,68.13371214317071,68.330362667916,2.69137878930326,0.8667444629058193,0.7601069662052085,206.78597644583292
50%,74.98207893635221,75.05381152200655,74.95094710609932,3.001581780327145,0.8998010448847973,0.9949766037179948,224.94189602700266
75%,81.7167561945844,81.86987241310617,81.80491556555393,3.309579316407485,0.9332920554493616,1.2347493224388506,243.14968741477048
max,100.0,100.0,100.0,4.0,1.0,2.2517715250480683,300.0
